Variable,Year,Value,D_f,K_i,Source,DOI_URL
CO2_ppm,1959,314.8,1.4,0.346,NOAA GML,NOAA 2026
CO2_ppm,1959,313.84,1.4,0.346,NOAA GML,NOAA 2026
CO2_ppm,1959,313.33,1.4,0.346,NOAA GML,NOAA 2026
CO2_ppm,1959,314.81,1.4,0.346,NOAA GML,NOAA 2026
CO2_ppm,1959,315.58,1.4,0.346,NOAA GML,NOAA 2026
CO2_ppm,1960,316.43,1.4,0.346,NOAA GML,NOAA 2026
CO2_ppm,1960,316.98,1.4,0.346,NOAA GML,NOAA 2026
CO2_ppm,1960,317.58,1.4,0.346,NOAA GML,NOAA 2026
CO2_ppm,1960,319.03,1.4,0.346,NOAA GML,NOAA 2026
CO2_ppm,1960,320.03,1.4,0.346,NOAA GML,NOAA 2026
CO2_ppm,1960,319.58,1.4,0.346,NOAA GML,NOAA 2026
CO2_ppm,1960,318.18,1.4,0.346,NOAA GML,NOAA 2026
CO2_ppm,1960,315.9,1.4,0.346,NOAA GML,NOAA 2026
CO2_ppm,1960,314.17,1.4,0.346,NOAA GML,NOAA 2026
CO2_ppm,1960,313.83,1.4,0.346,NOAA GML,NOAA 2026
CO2_ppm,1960,315.0,1.4,0.346,NOAA GML,NOAA 2026
CO2_ppm,1960,316.19,1.4,0.346,NOAA GML,NOAA 2026
CO2_ppm,1961,316.89,1.4,0.346,NOAA GML,NOAA 2026
CO2_ppm,1961,317.7,1.4,0.346,NOAA GML,NOAA 2026
CO2_ppm,1961,318.54,1.4,0.346,NOAA GML,NOAA 2026
CO2_ppm,1961,319.48,1.4,0.346,NOAA GML,NOAA 2026
CO2_ppm,1961,320.58,1.4,0.346,NOAA GML,NOAA 2026
CO2_ppm,1961,319.77,1.4,0.346,NOAA GML,NOAA 2026
CO2_ppm,1961,318.56,1.4,0.346,NOAA GML,NOAA 2026
CO2_ppm,1961,316.79,1.4,0.346,NOAA GML,NOAA 2026
CO2_ppm,1961,314.99,1.4,0.346,NOAA GML,NOAA 2026
CO2_ppm,1961,315.31,1.4,0.346,NOAA GML,NOAA 2026
CO2_ppm,1961,316.1,1.4,0.346,NOAA GML,NOAA 2026
CO2_ppm,1961,317.01,1.4,0.346,NOAA GML,NOAA 2026
CO2_ppm,1962,317.94,1.4,0.346,NOAA GML,NOAA 2026
CO2_ppm,1962,318.55,1.4,0.346,NOAA GML,NOAA 2026
CO2_ppm,1962,319.68,1.4,0.346,NOAA GML,NOAA 2026
CO2_ppm,1962,320.57,1.4,0.346,NOAA GML,NOAA 2026
CO2_ppm,1962,321.02,1.4,0.346,NOAA GML,NOAA 2026
CO2_ppm,1962,320.62,1.4,0.346,NOAA GML,NOAA 2026
CO2_ppm,1962,319.61,1.4,0.346,NOAA GML,NOAA 2026
CO2_ppm,1962,317.4,1.4,0.346,NOAA GML,NOAA 2026
CO2_ppm,1962,316.24,1.4,0.346,NOAA GML,NOAA 2026
CO2_ppm,1962,315.42,1.4,0.346,NOAA GML,NOAA 2026
CO2_ppm,1962,316.69,1.4,0.346,NOAA GML,NOAA 2026
CO2_ppm,1962,317.7,1.4,0.346,NOAA GML,NOAA 2026
CO2_ppm,1963,318.74,1.4,0.346,NOAA GML,NOAA 2026
CO2_ppm,1963,319.07,1.4,0.346,NOAA GML,NOAA 2026
CO2_ppm,1963,319.86,1.4,0.346,NOAA GML,NOAA 2026
CO2_ppm,1963,321.38,1.4,0.346,NOAA GML,NOAA 2026
CO2_ppm,1963,322.24,1.4,0.346,NOAA GML,NOAA 2026
CO2_ppm,1963,321.49,1.4,0.346,NOAA GML,NOAA 2026
CO2_ppm,1963,319.74,1.4,0.346,NOAA GML,NOAA 2026
CO2_ppm,1963,317.77,1.4,0.346,NOAA GML,NOAA 2026
CO2_ppm,1963,316.21,1.4,0.346,NOAA GML,NOAA 2026
CO2_ppm,1963,315.99,1.4,0.346,NOAA GML,NOAA 2026
CO2_ppm,1963,317.07,1.4,0.346,NOAA GML,NOAA 2026
CO2_ppm,1963,318.35,1.4,0.346,NOAA GML,NOAA 2026
CO2_ppm,1964,319.57,1.4,0.346,NOAA GML,NOAA 2026
CO2_ppm,1964,320.04,1.4,0.346,NOAA GML,NOAA 2026
CO2_ppm,1964,320.75,1.4,0.346,NOAA GML,NOAA 2026
CO2_ppm,1964,321.84,1.4,0.346,NOAA GML,NOAA 2026
CO2_ppm,1964,322.25,1.4,0.346,NOAA GML,NOAA 2026
CO2_ppm,1964,321.89,1.4,0.346,NOAA GML,NOAA 2026
CO2_ppm,1964,320.44,1.4,0.346,NOAA GML,NOAA 2026
CO2_ppm,1964,318.69,1.4,0.346,NOAA GML,NOAA 2026
CO2_ppm,1964,316.71,1.4,0.346,NOAA GML,NOAA 2026
CO2_ppm,1964,316.87,1.4,0.346,NOAA GML,NOAA 2026
CO2_ppm,1964,317.68,1.4,0.346,NOAA GML,NOAA 2026
CO2_ppm,1964,318.71,1.4,0.346,NOAA GML,NOAA 2026
CO2_ppm,1965,319.44,1.4,0.346,NOAA GML,NOAA 2026
CO2_ppm,1965,320.44,1.4,0.346,NOAA GML,NOAA 2026
CO2_ppm,1965,320.89,1.4,0.346,NOAA GML,NOAA 2026
CO2_ppm,1965,322.14,1.4,0.346,NOAA GML,NOAA 2026
CO2_ppm,1965,322.17,1.4,0.346,NOAA GML,NOAA 2026
CO2_ppm,1965,321.87,1.4,0.346,NOAA GML,NOAA 2026
CO2_ppm,1965,321.21,1.4,0.346,NOAA GML,NOAA 2026
CO2_ppm,1965,318.87,1.4,0.346,NOAA GML,NOAA 2026
CO2_ppm,1965,317.82,1.4,0.346,NOAA GML,NOAA 2026
CO2_ppm,1965,317.3,1.4,0.346,NOAA GML,NOAA 2026
CO2_ppm,1965,318.87,1.4,0.346,NOAA GML,NOAA 2026
CO2_ppm,1965,319.42,1.4,0.346,NOAA GML,NOAA 2026
CO2_ppm,1966,320.62,1.4,0.346,NOAA GML,NOAA 2026
CO2_ppm,1966,321.6,1.4,0.346,NOAA GML,NOAA 2026
CO2_ppm,1966,322.39,1.4,0.346,NOAA GML,NOAA 2026
CO2_ppm,1966,323.7,1.4,0.346,NOAA GML,NOAA 2026
CO2_ppm,1966,324.08,1.4,0.346,NOAA GML,NOAA 2026
CO2_ppm,1966,323.75,1.4,0.346,NOAA GML,NOAA 2026
CO2_ppm,1966,322.37,1.4,0.346,NOAA GML,NOAA 2026
CO2_ppm,1966,320.36,1.4,0.346,NOAA GML,NOAA 2026
CO2_ppm,1966,318.64,1.4,0.346,NOAA GML,NOAA 2026
CO2_ppm,1966,318.1,1.4,0.346,NOAA GML,NOAA 2026
CO2_ppm,1966,319.78,1.4,0.346,NOAA GML,NOAA 2026
CO2_ppm,1966,321.02,1.4,0.346,NOAA GML,NOAA 2026
CO2_ppm,1967,322.33,1.4,0.346,NOAA GML,NOAA 2026
CO2_ppm,1967,322.5,1.4,0.346,NOAA GML,NOAA 2026
CO2_ppm,1967,323.03,1.4,0.346,NOAA GML,NOAA 2026
CO2_ppm,1967,324.41,1.4,0.346,NOAA GML,NOAA 2026
CO2_ppm,1967,325.0,1.4,0.346,NOAA GML,NOAA 2026
CO2_ppm,1967,324.09,1.4,0.346,NOAA GML,NOAA 2026
CO2_ppm,1967,322.54,1.4,0.346,NOAA GML,NOAA 2026
CO2_ppm,1967,320.92,1.4,0.346,NOAA GML,NOAA 2026
CO2_ppm,1967,319.25,1.4,0.346,NOAA GML,NOAA 2026
CO2_ppm,1967,319.39,1.4,0.346,NOAA GML,NOAA 2026
CO2_ppm,1967,320.73,1.4,0.346,NOAA GML,NOAA 2026
CO2_ppm,1967,321.96,1.4,0.346,NOAA GML,NOAA 2026
CO2_ppm,1968,322.57,1.4,0.346,NOAA GML,NOAA 2026
CO2_ppm,1968,323.15,1.4,0.346,NOAA GML,NOAA 2026
CO2_ppm,1968,323.89,1.4,0.346,NOAA GML,NOAA 2026
CO2_ppm,1968,325.02,1.4,0.346,NOAA GML,NOAA 2026
CO2_ppm,1968,325.57,1.4,0.346,NOAA GML,NOAA 2026
CO2_ppm,1968,325.36,1.4,0.346,NOAA GML,NOAA 2026
CO2_ppm,1968,324.14,1.4,0.346,NOAA GML,NOAA 2026
CO2_ppm,1968,322.11,1.4,0.346,NOAA GML,NOAA 2026
CO2_ppm,1968,320.33,1.4,0.346,NOAA GML,NOAA 2026
CO2_ppm,1968,320.25,1.4,0.346,NOAA GML,NOAA 2026
CO2_ppm,1968,321.32,1.4,0.346,NOAA GML,NOAA 2026
CO2_ppm,1968,322.89,1.4,0.346,NOAA GML,NOAA 2026
CO2_ppm,1969,324.0,1.4,0.346,NOAA GML,NOAA 2026
CO2_ppm,1969,324.41,1.4,0.346,NOAA GML,NOAA 2026
CO2_ppm,1969,325.63,1.4,0.346,NOAA GML,NOAA 2026
CO2_ppm,1969,326.66,1.4,0.346,NOAA GML,NOAA 2026
CO2_ppm,1969,327.38,1.4,0.346,NOAA GML,NOAA 2026
CO2_ppm,1969,326.71,1.4,0.346,NOAA GML,NOAA 2026
CO2_ppm,1969,325.88,1.4,0.346,NOAA GML,NOAA 2026
CO2_ppm,1969,323.66,1.4,0.346,NOAA GML,NOAA 2026
CO2_ppm,1969,322.38,1.4,0.346,NOAA GML,NOAA 2026
CO2_ppm,1969,321.78,1.4,0.346,NOAA GML,NOAA 2026
CO2_ppm,1969,322.85,1.4,0.346,NOAA GML,NOAA 2026
CO2_ppm,1969,324.11,1.4,0.346,NOAA GML,NOAA 2026
CO2_ppm,1970,325.06,1.4,0.346,NOAA GML,NOAA 2026
CO2_ppm,1970,325.99,1.4,0.346,NOAA GML,NOAA 2026
CO2_ppm,1970,326.93,1.4,0.346,NOAA GML,NOAA 2026
CO2_ppm,1970,328.13,1.4,0.346,NOAA GML,NOAA 2026
CO2_ppm,1970,328.08,1.4,0.346,NOAA GML,NOAA 2026
CO2_ppm,1970,327.67,1.4,0.346,NOAA GML,NOAA 2026
CO2_ppm,1970,326.34,1.4,0.346,NOAA GML,NOAA 2026
CO2_ppm,1970,324.68,1.4,0.346,NOAA GML,NOAA 2026
CO2_ppm,1970,323.1,1.4,0.346,NOAA GML,NOAA 2026
CO2_ppm,1970,323.06,1.4,0.346,NOAA GML,NOAA 2026
CO2_ppm,1970,324.01,1.4,0.346,NOAA GML,NOAA 2026
CO2_ppm,1970,325.13,1.4,0.346,NOAA GML,NOAA 2026
CO2_ppm,1971,326.17,1.4,0.346,NOAA GML,NOAA 2026
CO2_ppm,1971,326.69,1.4,0.346,NOAA GML,NOAA 2026
CO2_ppm,1971,327.18,1.4,0.346,NOAA GML,NOAA 2026
CO2_ppm,1971,327.78,1.4,0.346,NOAA GML,NOAA 2026
CO2_ppm,1971,328.93,1.4,0.346,NOAA GML,NOAA 2026
CO2_ppm,1971,328.57,1.4,0.346,NOAA GML,NOAA 2026
CO2_ppm,1971,327.36,1.4,0.346,NOAA GML,NOAA 2026
CO2_ppm,1971,325.43,1.4,0.346,NOAA GML,NOAA 2026
CO2_ppm,1971,323.36,1.4,0.346,NOAA GML,NOAA 2026
CO2_ppm,1971,323.56,1.4,0.346,NOAA GML,NOAA 2026
CO2_ppm,1971,324.8,1.4,0.346,NOAA GML,NOAA 2026
CO2_ppm,1971,326.01,1.4,0.346,NOAA GML,NOAA 2026
CO2_ppm,1972,326.77,1.4,0.346,NOAA GML,NOAA 2026
CO2_ppm,1972,327.63,1.4,0.346,NOAA GML,NOAA 2026
CO2_ppm,1972,327.75,1.4,0.346,NOAA GML,NOAA 2026
CO2_ppm,1972,329.72,1.4,0.346,NOAA GML,NOAA 2026
CO2_ppm,1972,330.07,1.4,0.346,NOAA GML,NOAA 2026
CO2_ppm,1972,329.09,1.4,0.346,NOAA GML,NOAA 2026
CO2_ppm,1972,328.04,1.4,0.346,NOAA GML,NOAA 2026
CO2_ppm,1972,326.32,1.4,0.346,NOAA GML,NOAA 2026
CO2_ppm,1972,324.84,1.4,0.346,NOAA GML,NOAA 2026
CO2_ppm,1972,325.2,1.4,0.346,NOAA GML,NOAA 2026
CO2_ppm,1972,326.5,1.4,0.346,NOAA GML,NOAA 2026
CO2_ppm,1972,327.55,1.4,0.346,NOAA GML,NOAA 2026
CO2_ppm,1973,328.55,1.4,0.346,NOAA GML,NOAA 2026
CO2_ppm,1973,329.57,1.4,0.346,NOAA GML,NOAA 2026
CO2_ppm,1973,330.3,1.4,0.346,NOAA GML,NOAA 2026
CO2_ppm,1973,331.5,1.4,0.346,NOAA GML,NOAA 2026
CO2_ppm,1973,332.48,1.4,0.346,NOAA GML,NOAA 2026
CO2_ppm,1973,332.07,1.4,0.346,NOAA GML,NOAA 2026
CO2_ppm,1973,330.87,1.4,0.346,NOAA GML,NOAA 2026
CO2_ppm,1973,329.31,1.4,0.346,NOAA GML,NOAA 2026
CO2_ppm,1973,327.52,1.4,0.346,NOAA GML,NOAA 2026
CO2_ppm,1973,327.19,1.4,0.346,NOAA GML,NOAA 2026
CO2_ppm,1973,328.17,1.4,0.346,NOAA GML,NOAA 2026
CO2_ppm,1973,328.65,1.4,0.346,NOAA GML,NOAA 2026
CO2_ppm,1974,329.36,1.4,0.346,NOAA GML,NOAA 2026
CO2_ppm,1974,330.71,1.4,0.346,NOAA GML,NOAA 2026
CO2_ppm,1974,331.49,1.4,0.346,NOAA GML,NOAA 2026
CO2_ppm,1974,332.65,1.4,0.346,NOAA GML,NOAA 2026
CO2_ppm,1974,333.19,1.4,0.346,NOAA GML,NOAA 2026
CO2_ppm,1974,332.2,1.4,0.346,NOAA GML,NOAA 2026
CO2_ppm,1974,331.07,1.4,0.346,NOAA GML,NOAA 2026
CO2_ppm,1974,329.15,1.4,0.346,NOAA GML,NOAA 2026
CO2_ppm,1974,327.33,1.4,0.346,NOAA GML,NOAA 2026
CO2_ppm,1974,327.28,1.4,0.346,NOAA GML,NOAA 2026
CO2_ppm,1974,328.31,1.4,0.346,NOAA GML,NOAA 2026
CO2_ppm,1974,329.58,1.4,0.346,NOAA GML,NOAA 2026
CO2_ppm,1975,330.73,1.4,0.346,NOAA GML,NOAA 2026
CO2_ppm,1975,331.46,1.4,0.346,NOAA GML,NOAA 2026
CO2_ppm,1975,331.94,1.4,0.346,NOAA GML,NOAA 2026
CO2_ppm,1975,333.11,1.4,0.346,NOAA GML,NOAA 2026
CO2_ppm,1975,333.95,1.4,0.346,NOAA GML,NOAA 2026
CO2_ppm,1975,333.42,1.4,0.346,NOAA GML,NOAA 2026
CO2_ppm,1975,331.97,1.4,0.346,NOAA GML,NOAA 2026
CO2_ppm,1975,329.95,1.4,0.346,NOAA GML,NOAA 2026
CO2_ppm,1975,328.49,1.4,0.346,NOAA GML,NOAA 2026
CO2_ppm,1975,328.36,1.4,0.346,NOAA GML,NOAA 2026
CO2_ppm,1975,329.38,1.4,0.346,NOAA GML,NOAA 2026
CO2_ppm,1975,330.77,1.4,0.346,NOAA GML,NOAA 2026
CO2_ppm,1976,331.56,1.4,0.346,NOAA GML,NOAA 2026
CO2_ppm,1976,332.74,1.4,0.346,NOAA GML,NOAA 2026
CO2_ppm,1976,333.36,1.4,0.346,NOAA GML,NOAA 2026
CO2_ppm,1976,334.74,1.4,0.346,NOAA GML,NOAA 2026
CO2_ppm,1976,334.72,1.4,0.346,NOAA GML,NOAA 2026
CO2_ppm,1976,333.97,1.4,0.346,NOAA GML,NOAA 2026
CO2_ppm,1976,333.08,1.4,0.346,NOAA GML,NOAA 2026
CO2_ppm,1976,330.68,1.4,0.346,NOAA GML,NOAA 2026
CO2_ppm,1976,328.96,1.4,0.346,NOAA GML,NOAA 2026
CO2_ppm,1976,328.72,1.4,0.346,NOAA GML,NOAA 2026
CO2_ppm,1976,330.16,1.4,0.346,NOAA GML,NOAA 2026
CO2_ppm,1976,331.62,1.4,0.346,NOAA GML,NOAA 2026
CO2_ppm,1977,332.68,1.4,0.346,NOAA GML,NOAA 2026
CO2_ppm,1977,333.17,1.4,0.346,NOAA GML,NOAA 2026
CO2_ppm,1977,334.96,1.4,0.346,NOAA GML,NOAA 2026
CO2_ppm,1977,336.14,1.4,0.346,NOAA GML,NOAA 2026
CO2_ppm,1977,336.93,1.4,0.346,NOAA GML,NOAA 2026
CO2_ppm,1977,336.17,1.4,0.346,NOAA GML,NOAA 2026
CO2_ppm,1977,334.89,1.4,0.346,NOAA GML,NOAA 2026
CO2_ppm,1977,332.56,1.4,0.346,NOAA GML,NOAA 2026
CO2_ppm,1977,331.29,1.4,0.346,NOAA GML,NOAA 2026
CO2_ppm,1977,331.28,1.4,0.346,NOAA GML,NOAA 2026
CO2_ppm,1977,332.46,1.4,0.346,NOAA GML,NOAA 2026
CO2_ppm,1977,333.6,1.4,0.346,NOAA GML,NOAA 2026
CO2_ppm,1978,334.94,1.4,0.346,NOAA GML,NOAA 2026
CO2_ppm,1978,335.26,1.4,0.346,NOAA GML,NOAA 2026
CO2_ppm,1978,336.66,1.4,0.346,NOAA GML,NOAA 2026
CO2_ppm,1978,337.69,1.4,0.346,NOAA GML,NOAA 2026
CO2_ppm,1978,338.02,1.4,0.346,NOAA GML,NOAA 2026
CO2_ppm,1978,338.01,1.4,0.346,NOAA GML,NOAA 2026
CO2_ppm,1978,336.5,1.4,0.346,NOAA GML,NOAA 2026
CO2_ppm,1978,334.42,1.4,0.346,NOAA GML,NOAA 2026
CO2_ppm,1978,332.36,1.4,0.346,NOAA GML,NOAA 2026
CO2_ppm,1978,332.45,1.4,0.346,NOAA GML,NOAA 2026
CO2_ppm,1978,333.76,1.4,0.346,NOAA GML,NOAA 2026
CO2_ppm,1978,334.91,1.4,0.346,NOAA GML,NOAA 2026
CO2_ppm,1979,336.14,1.4,0.346,NOAA GML,NOAA 2026
CO2_ppm,1979,336.69,1.4,0.346,NOAA GML,NOAA 2026
CO2_ppm,1979,338.27,1.4,0.346,NOAA GML,NOAA 2026
CO2_ppm,1979,338.82,1.4,0.346,NOAA GML,NOAA 2026
CO2_ppm,1979,339.24,1.4,0.346,NOAA GML,NOAA 2026
CO2_ppm,1979,339.26,1.4,0.346,NOAA GML,NOAA 2026
CO2_ppm,1979,337.54,1.4,0.346,NOAA GML,NOAA 2026
CO2_ppm,1979,335.72,1.4,0.346,NOAA GML,NOAA 2026
CO2_ppm,1979,333.97,1.4,0.346,NOAA GML,NOAA 2026
CO2_ppm,1979,334.24,1.4,0.346,NOAA GML,NOAA 2026
CO2_ppm,1979,335.32,1.4,0.346,NOAA GML,NOAA 2026
CO2_ppm,1979,336.81,1.4,0.346,NOAA GML,NOAA 2026
CO2_ppm,1980,337.9,1.4,0.346,NOAA GML,NOAA 2026
CO2_ppm,1980,338.34,1.4,0.346,NOAA GML,NOAA 2026
CO2_ppm,1980,340.07,1.4,0.346,NOAA GML,NOAA 2026
CO2_ppm,1980,340.93,1.4,0.346,NOAA GML,NOAA 2026
CO2_ppm,1980,341.45,1.4,0.346,NOAA GML,NOAA 2026
CO2_ppm,1980,341.36,1.4,0.346,NOAA GML,NOAA 2026
CO2_ppm,1980,339.45,1.4,0.346,NOAA GML,NOAA 2026
CO2_ppm,1980,337.67,1.4,0.346,NOAA GML,NOAA 2026
CO2_ppm,1980,336.25,1.4,0.346,NOAA GML,NOAA 2026
CO2_ppm,1980,336.14,1.4,0.346,NOAA GML,NOAA 2026
CO2_ppm,1980,337.3,1.4,0.346,NOAA GML,NOAA 2026
CO2_ppm,1980,338.29,1.4,0.346,NOAA GML,NOAA 2026
CO2_ppm,1981,339.29,1.4,0.346,NOAA GML,NOAA 2026
CO2_ppm,1981,340.55,1.4,0.346,NOAA GML,NOAA 2026
CO2_ppm,1981,341.63,1.4,0.346,NOAA GML,NOAA 2026
CO2_ppm,1981,342.6,1.4,0.346,NOAA GML,NOAA 2026
CO2_ppm,1981,343.04,1.4,0.346,NOAA GML,NOAA 2026
CO2_ppm,1981,342.54,1.4,0.346,NOAA GML,NOAA 2026
CO2_ppm,1981,340.82,1.4,0.346,NOAA GML,NOAA 2026
CO2_ppm,1981,338.48,1.4,0.346,NOAA GML,NOAA 2026
CO2_ppm,1981,336.95,1.4,0.346,NOAA GML,NOAA 2026
CO2_ppm,1981,337.05,1.4,0.346,NOAA GML,NOAA 2026
CO2_ppm,1981,338.58,1.4,0.346,NOAA GML,NOAA 2026
CO2_ppm,1981,339.91,1.4,0.346,NOAA GML,NOAA 2026
CO2_ppm,1982,340.93,1.4,0.346,NOAA GML,NOAA 2026
CO2_ppm,1982,341.76,1.4,0.346,NOAA GML,NOAA 2026
CO2_ppm,1982,342.78,1.4,0.346,NOAA GML,NOAA 2026
CO2_ppm,1982,343.96,1.4,0.346,NOAA GML,NOAA 2026
CO2_ppm,1982,344.77,1.4,0.346,NOAA GML,NOAA 2026
CO2_ppm,1982,343.88,1.4,0.346,NOAA GML,NOAA 2026
CO2_ppm,1982,342.42,1.4,0.346,NOAA GML,NOAA 2026
CO2_ppm,1982,340.24,1.4,0.346,NOAA GML,NOAA 2026
CO2_ppm,1982,338.37,1.4,0.346,NOAA GML,NOAA 2026
CO2_ppm,1982,338.41,1.4,0.346,NOAA GML,NOAA 2026
CO2_ppm,1982,339.44,1.4,0.346,NOAA GML,NOAA 2026
CO2_ppm,1982,340.78,1.4,0.346,NOAA GML,NOAA 2026
CO2_ppm,1983,341.57,1.4,0.346,NOAA GML,NOAA 2026
CO2_ppm,1983,342.78,1.4,0.346,NOAA GML,NOAA 2026
CO2_ppm,1983,343.37,1.4,0.346,NOAA GML,NOAA 2026
CO2_ppm,1983,345.4,1.4,0.346,NOAA GML,NOAA 2026
CO2_ppm,1983,346.14,1.4,0.346,NOAA GML,NOAA 2026
CO2_ppm,1983,345.76,1.4,0.346,NOAA GML,NOAA 2026
CO2_ppm,1983,344.32,1.4,0.346,NOAA GML,NOAA 2026
CO2_ppm,1983,342.51,1.4,0.346,NOAA GML,NOAA 2026
CO2_ppm,1983,340.46,1.4,0.346,NOAA GML,NOAA 2026
CO2_ppm,1983,340.53,1.4,0.346,NOAA GML,NOAA 2026
CO2_ppm,1983,341.79,1.4,0.346,NOAA GML,NOAA 2026
CO2_ppm,1983,343.2,1.4,0.346,NOAA GML,NOAA 2026
CO2_ppm,1984,344.21,1.4,0.346,NOAA GML,NOAA 2026
CO2_ppm,1984,344.92,1.4,0.346,NOAA GML,NOAA 2026
CO2_ppm,1984,345.68,1.4,0.346,NOAA GML,NOAA 2026
CO2_ppm,1984,347.38,1.4,0.346,NOAA GML,NOAA 2026
CO2_ppm,1984,347.77,1.4,0.346,NOAA GML,NOAA 2026
CO2_ppm,1984,347.16,1.4,0.346,NOAA GML,NOAA 2026
CO2_ppm,1984,345.79,1.4,0.346,NOAA GML,NOAA 2026
CO2_ppm,1984,343.74,1.4,0.346,NOAA GML,NOAA 2026
CO2_ppm,1984,341.59,1.4,0.346,NOAA GML,NOAA 2026
CO2_ppm,1984,341.86,1.4,0.346,NOAA GML,NOAA 2026
CO2_ppm,1984,343.31,1.4,0.346,NOAA GML,NOAA 2026
CO2_ppm,1984,345.0,1.4,0.346,NOAA GML,NOAA 2026
CO2_ppm,1985,345.48,1.4,0.346,NOAA GML,NOAA 2026
CO2_ppm,1985,346.41,1.4,0.346,NOAA GML,NOAA 2026
CO2_ppm,1985,347.91,1.4,0.346,NOAA GML,NOAA 2026
CO2_ppm,1985,348.66,1.4,0.346,NOAA GML,NOAA 2026
CO2_ppm,1985,349.28,1.4,0.346,NOAA GML,NOAA 2026
CO2_ppm,1985,348.65,1.4,0.346,NOAA GML,NOAA 2026
CO2_ppm,1985,346.9,1.4,0.346,NOAA GML,NOAA 2026
CO2_ppm,1985,345.26,1.4,0.346,NOAA GML,NOAA 2026
CO2_ppm,1985,343.47,1.4,0.346,NOAA GML,NOAA 2026
CO2_ppm,1985,343.35,1.4,0.346,NOAA GML,NOAA 2026
CO2_ppm,1985,344.73,1.4,0.346,NOAA GML,NOAA 2026
CO2_ppm,1985,346.12,1.4,0.346,NOAA GML,NOAA 2026
CO2_ppm,1986,346.78,1.4,0.346,NOAA GML,NOAA 2026
CO2_ppm,1986,347.48,1.4,0.346,NOAA GML,NOAA 2026
CO2_ppm,1986,348.25,1.4,0.346,NOAA GML,NOAA 2026
CO2_ppm,1986,349.86,1.4,0.346,NOAA GML,NOAA 2026
CO2_ppm,1986,350.52,1.4,0.346,NOAA GML,NOAA 2026
CO2_ppm,1986,349.98,1.4,0.346,NOAA GML,NOAA 2026
CO2_ppm,1986,348.25,1.4,0.346,NOAA GML,NOAA 2026
CO2_ppm,1986,346.17,1.4,0.346,NOAA GML,NOAA 2026
CO2_ppm,1986,345.48,1.4,0.346,NOAA GML,NOAA 2026
CO2_ppm,1986,344.82,1.4,0.346,NOAA GML,NOAA 2026
CO2_ppm,1986,346.22,1.4,0.346,NOAA GML,NOAA 2026
CO2_ppm,1986,347.48,1.4,0.346,NOAA GML,NOAA 2026
CO2_ppm,1987,348.73,1.4,0.346,NOAA GML,NOAA 2026
CO2_ppm,1987,348.92,1.4,0.346,NOAA GML,NOAA 2026
CO2_ppm,1987,349.81,1.4,0.346,NOAA GML,NOAA 2026
CO2_ppm,1987,351.4,1.4,0.346,NOAA GML,NOAA 2026
CO2_ppm,1987,352.15,1.4,0.346,NOAA GML,NOAA 2026
CO2_ppm,1987,351.58,1.4,0.346,NOAA GML,NOAA 2026
CO2_ppm,1987,350.21,1.4,0.346,NOAA GML,NOAA 2026
CO2_ppm,1987,348.2,1.4,0.346,NOAA GML,NOAA 2026
CO2_ppm,1987,346.66,1.4,0.346,NOAA GML,NOAA 2026
CO2_ppm,1987,346.72,1.4,0.346,NOAA GML,NOAA 2026
CO2_ppm,1987,348.08,1.4,0.346,NOAA GML,NOAA 2026
CO2_ppm,1987,349.28,1.4,0.346,NOAA GML,NOAA 2026
CO2_ppm,1988,350.51,1.4,0.346,NOAA GML,NOAA 2026
CO2_ppm,1988,351.7,1.4,0.346,NOAA GML,NOAA 2026
CO2_ppm,1988,352.5,1.4,0.346,NOAA GML,NOAA 2026
CO2_ppm,1988,353.67,1.4,0.346,NOAA GML,NOAA 2026
CO2_ppm,1988,354.35,1.4,0.346,NOAA GML,NOAA 2026
CO2_ppm,1988,353.88,1.4,0.346,NOAA GML,NOAA 2026
CO2_ppm,1988,352.8,1.4,0.346,NOAA GML,NOAA 2026
CO2_ppm,1988,350.49,1.4,0.346,NOAA GML,NOAA 2026
CO2_ppm,1988,348.97,1.4,0.346,NOAA GML,NOAA 2026
CO2_ppm,1988,349.37,1.4,0.346,NOAA GML,NOAA 2026
CO2_ppm,1988,350.42,1.4,0.346,NOAA GML,NOAA 2026
CO2_ppm,1988,351.62,1.4,0.346,NOAA GML,NOAA 2026
CO2_ppm,1989,353.07,1.4,0.346,NOAA GML,NOAA 2026
CO2_ppm,1989,353.43,1.4,0.346,NOAA GML,NOAA 2026
CO2_ppm,1989,354.08,1.4,0.346,NOAA GML,NOAA 2026
CO2_ppm,1989,355.72,1.4,0.346,NOAA GML,NOAA 2026
CO2_ppm,1989,355.95,1.4,0.346,NOAA GML,NOAA 2026
CO2_ppm,1989,355.44,1.4,0.346,NOAA GML,NOAA 2026
CO2_ppm,1989,354.05,1.4,0.346,NOAA GML,NOAA 2026
CO2_ppm,1989,351.84,1.4,0.346,NOAA GML,NOAA 2026
CO2_ppm,1989,350.09,1.4,0.346,NOAA GML,NOAA 2026
CO2_ppm,1989,350.33,1.4,0.346,NOAA GML,NOAA 2026
CO2_ppm,1989,351.55,1.4,0.346,NOAA GML,NOAA 2026
CO2_ppm,1989,352.91,1.4,0.346,NOAA GML,NOAA 2026
CO2_ppm,1990,353.86,1.4,0.346,NOAA GML,NOAA 2026
CO2_ppm,1990,355.1,1.4,0.346,NOAA GML,NOAA 2026
CO2_ppm,1990,355.75,1.4,0.346,NOAA GML,NOAA 2026
CO2_ppm,1990,356.38,1.4,0.346,NOAA GML,NOAA 2026
CO2_ppm,1990,357.38,1.4,0.346,NOAA GML,NOAA 2026
CO2_ppm,1990,356.39,1.4,0.346,NOAA GML,NOAA 2026
CO2_ppm,1990,354.89,1.4,0.346,NOAA GML,NOAA 2026
CO2_ppm,1990,353.06,1.4,0.346,NOAA GML,NOAA 2026
CO2_ppm,1990,351.38,1.4,0.346,NOAA GML,NOAA 2026
CO2_ppm,1990,351.69,1.4,0.346,NOAA GML,NOAA 2026
CO2_ppm,1990,353.14,1.4,0.346,NOAA GML,NOAA 2026
CO2_ppm,1990,354.41,1.4,0.346,NOAA GML,NOAA 2026
CO2_ppm,1991,354.93,1.4,0.346,NOAA GML,NOAA 2026
CO2_ppm,1991,355.82,1.4,0.346,NOAA GML,NOAA 2026
CO2_ppm,1991,357.33,1.4,0.346,NOAA GML,NOAA 2026
CO2_ppm,1991,358.77,1.4,0.346,NOAA GML,NOAA 2026
CO2_ppm,1991,359.23,1.4,0.346,NOAA GML,NOAA 2026
CO2_ppm,1991,358.23,1.4,0.346,NOAA GML,NOAA 2026
CO2_ppm,1991,356.3,1.4,0.346,NOAA GML,NOAA 2026
CO2_ppm,1991,353.97,1.4,0.346,NOAA GML,NOAA 2026
CO2_ppm,1991,352.34,1.4,0.346,NOAA GML,NOAA 2026
CO2_ppm,1991,352.43,1.4,0.346,NOAA GML,NOAA 2026
CO2_ppm,1991,353.89,1.4,0.346,NOAA GML,NOAA 2026
CO2_ppm,1991,355.21,1.4,0.346,NOAA GML,NOAA 2026
CO2_ppm,1992,356.34,1.4,0.346,NOAA GML,NOAA 2026
CO2_ppm,1992,357.21,1.4,0.346,NOAA GML,NOAA 2026
CO2_ppm,1992,357.97,1.4,0.346,NOAA GML,NOAA 2026
CO2_ppm,1992,359.22,1.4,0.346,NOAA GML,NOAA 2026
CO2_ppm,1992,359.71,1.4,0.346,NOAA GML,NOAA 2026
CO2_ppm,1992,359.44,1.4,0.346,NOAA GML,NOAA 2026
CO2_ppm,1992,357.15,1.4,0.346,NOAA GML,NOAA 2026
CO2_ppm,1992,354.99,1.4,0.346,NOAA GML,NOAA 2026
CO2_ppm,1992,353.01,1.4,0.346,NOAA GML,NOAA 2026
CO2_ppm,1992,353.4,1.4,0.346,NOAA GML,NOAA 2026
CO2_ppm,1992,354.42,1.4,0.346,NOAA GML,NOAA 2026
CO2_ppm,1992,355.68,1.4,0.346,NOAA GML,NOAA 2026
CO2_ppm,1993,357.1,1.4,0.346,NOAA GML,NOAA 2026
CO2_ppm,1993,357.42,1.4,0.346,NOAA GML,NOAA 2026
CO2_ppm,1993,358.59,1.4,0.346,NOAA GML,NOAA 2026
CO2_ppm,1993,359.39,1.4,0.346,NOAA GML,NOAA 2026
CO2_ppm,1993,360.3,1.4,0.346,NOAA GML,NOAA 2026
CO2_ppm,1993,359.64,1.4,0.346,NOAA GML,NOAA 2026
CO2_ppm,1993,357.45,1.4,0.346,NOAA GML,NOAA 2026
CO2_ppm,1993,355.76,1.4,0.346,NOAA GML,NOAA 2026
CO2_ppm,1993,354.14,1.4,0.346,NOAA GML,NOAA 2026
CO2_ppm,1993,354.23,1.4,0.346,NOAA GML,NOAA 2026
CO2_ppm,1993,355.53,1.4,0.346,NOAA GML,NOAA 2026
CO2_ppm,1993,357.03,1.4,0.346,NOAA GML,NOAA 2026
CO2_ppm,1994,358.36,1.4,0.346,NOAA GML,NOAA 2026
CO2_ppm,1994,359.04,1.4,0.346,NOAA GML,NOAA 2026
CO2_ppm,1994,360.11,1.4,0.346,NOAA GML,NOAA 2026
CO2_ppm,1994,361.36,1.4,0.346,NOAA GML,NOAA 2026
CO2_ppm,1994,361.78,1.4,0.346,NOAA GML,NOAA 2026
CO2_ppm,1994,360.94,1.4,0.346,NOAA GML,NOAA 2026
CO2_ppm,1994,359.51,1.4,0.346,NOAA GML,NOAA 2026
CO2_ppm,1994,357.59,1.4,0.346,NOAA GML,NOAA 2026
CO2_ppm,1994,355.86,1.4,0.346,NOAA GML,NOAA 2026
CO2_ppm,1994,356.21,1.4,0.346,NOAA GML,NOAA 2026
CO2_ppm,1994,357.65,1.4,0.346,NOAA GML,NOAA 2026
CO2_ppm,1994,359.1,1.4,0.346,NOAA GML,NOAA 2026
CO2_ppm,1995,360.04,1.4,0.346,NOAA GML,NOAA 2026
CO2_ppm,1995,361.0,1.4,0.346,NOAA GML,NOAA 2026
CO2_ppm,1995,361.98,1.4,0.346,NOAA GML,NOAA 2026
CO2_ppm,1995,363.44,1.4,0.346,NOAA GML,NOAA 2026
CO2_ppm,1995,363.83,1.4,0.346,NOAA GML,NOAA 2026
CO2_ppm,1995,363.33,1.4,0.346,NOAA GML,NOAA 2026
CO2_ppm,1995,361.78,1.4,0.346,NOAA GML,NOAA 2026
CO2_ppm,1995,359.33,1.4,0.346,NOAA GML,NOAA 2026
CO2_ppm,1995,358.32,1.4,0.346,NOAA GML,NOAA 2026
CO2_ppm,1995,358.14,1.4,0.346,NOAA GML,NOAA 2026
CO2_ppm,1995,359.61,1.4,0.346,NOAA GML,NOAA 2026
CO2_ppm,1995,360.82,1.4,0.346,NOAA GML,NOAA 2026
CO2_ppm,1996,362.2,1.4,0.346,NOAA GML,NOAA 2026
CO2_ppm,1996,363.36,1.4,0.346,NOAA GML,NOAA 2026
CO2_ppm,1996,364.28,1.4,0.346,NOAA GML,NOAA 2026
CO2_ppm,1996,364.69,1.4,0.346,NOAA GML,NOAA 2026
CO2_ppm,1996,365.25,1.4,0.346,NOAA GML,NOAA 2026
CO2_ppm,1996,365.06,1.4,0.346,NOAA GML,NOAA 2026
CO2_ppm,1996,363.69,1.4,0.346,NOAA GML,NOAA 2026
CO2_ppm,1996,361.55,1.4,0.346,NOAA GML,NOAA 2026
CO2_ppm,1996,359.69,1.4,0.346,NOAA GML,NOAA 2026
CO2_ppm,1996,359.72,1.4,0.346,NOAA GML,NOAA 2026
CO2_ppm,1996,361.04,1.4,0.346,NOAA GML,NOAA 2026
CO2_ppm,1996,362.39,1.4,0.346,NOAA GML,NOAA 2026
CO2_ppm,1997,363.24,1.4,0.346,NOAA GML,NOAA 2026
CO2_ppm,1997,364.21,1.4,0.346,NOAA GML,NOAA 2026
CO2_ppm,1997,364.65,1.4,0.346,NOAA GML,NOAA 2026
CO2_ppm,1997,366.49,1.4,0.346,NOAA GML,NOAA 2026
CO2_ppm,1997,366.77,1.4,0.346,NOAA GML,NOAA 2026
CO2_ppm,1997,365.73,1.4,0.346,NOAA GML,NOAA 2026
CO2_ppm,1997,364.46,1.4,0.346,NOAA GML,NOAA 2026
CO2_ppm,1997,362.4,1.4,0.346,NOAA GML,NOAA 2026
CO2_ppm,1997,360.44,1.4,0.346,NOAA GML,NOAA 2026
CO2_ppm,1997,360.97,1.4,0.346,NOAA GML,NOAA 2026
CO2_ppm,1997,362.65,1.4,0.346,NOAA GML,NOAA 2026
CO2_ppm,1997,364.51,1.4,0.346,NOAA GML,NOAA 2026
CO2_ppm,1998,365.39,1.4,0.346,NOAA GML,NOAA 2026
CO2_ppm,1998,366.1,1.4,0.346,NOAA GML,NOAA 2026
CO2_ppm,1998,367.36,1.4,0.346,NOAA GML,NOAA 2026
CO2_ppm,1998,368.79,1.4,0.346,NOAA GML,NOAA 2026
CO2_ppm,1998,369.56,1.4,0.346,NOAA GML,NOAA 2026
CO2_ppm,1998,369.13,1.4,0.346,NOAA GML,NOAA 2026
CO2_ppm,1998,367.98,1.4,0.346,NOAA GML,NOAA 2026
CO2_ppm,1998,366.1,1.4,0.346,NOAA GML,NOAA 2026
CO2_ppm,1998,364.16,1.4,0.346,NOAA GML,NOAA 2026
CO2_ppm,1998,364.54,1.4,0.346,NOAA GML,NOAA 2026
CO2_ppm,1998,365.67,1.4,0.346,NOAA GML,NOAA 2026
CO2_ppm,1998,367.3,1.4,0.346,NOAA GML,NOAA 2026
CO2_ppm,1999,368.35,1.4,0.346,NOAA GML,NOAA 2026
CO2_ppm,1999,369.28,1.4,0.346,NOAA GML,NOAA 2026
CO2_ppm,1999,369.84,1.4,0.346,NOAA GML,NOAA 2026
CO2_ppm,1999,371.15,1.4,0.346,NOAA GML,NOAA 2026
CO2_ppm,1999,371.12,1.4,0.346,NOAA GML,NOAA 2026
CO2_ppm,1999,370.46,1.4,0.346,NOAA GML,NOAA 2026
CO2_ppm,1999,369.61,1.4,0.346,NOAA GML,NOAA 2026
CO2_ppm,1999,367.06,1.4,0.346,NOAA GML,NOAA 2026
CO2_ppm,1999,364.95,1.4,0.346,NOAA GML,NOAA 2026
CO2_ppm,1999,365.52,1.4,0.346,NOAA GML,NOAA 2026
CO2_ppm,1999,366.88,1.4,0.346,NOAA GML,NOAA 2026
CO2_ppm,1999,368.26,1.4,0.346,NOAA GML,NOAA 2026
CO2_ppm,2000,369.45,1.4,0.346,NOAA GML,NOAA 2026
CO2_ppm,2000,369.71,1.4,0.346,NOAA GML,NOAA 2026
CO2_ppm,2000,370.75,1.4,0.346,NOAA GML,NOAA 2026
CO2_ppm,2000,371.98,1.4,0.346,NOAA GML,NOAA 2026
CO2_ppm,2000,371.74,1.4,0.346,NOAA GML,NOAA 2026
CO2_ppm,2000,371.87,1.4,0.346,NOAA GML,NOAA 2026
CO2_ppm,2000,370.02,1.4,0.346,NOAA GML,NOAA 2026
CO2_ppm,2000,368.27,1.4,0.346,NOAA GML,NOAA 2026
CO2_ppm,2000,367.15,1.4,0.346,NOAA GML,NOAA 2026
CO2_ppm,2000,367.18,1.4,0.346,NOAA GML,NOAA 2026
CO2_ppm,2000,368.53,1.4,0.346,NOAA GML,NOAA 2026
CO2_ppm,2000,369.83,1.4,0.346,NOAA GML,NOAA 2026
CO2_ppm,2001,370.76,1.4,0.346,NOAA GML,NOAA 2026
CO2_ppm,2001,371.69,1.4,0.346,NOAA GML,NOAA 2026
CO2_ppm,2001,372.63,1.4,0.346,NOAA GML,NOAA 2026
CO2_ppm,2001,373.55,1.4,0.346,NOAA GML,NOAA 2026
CO2_ppm,2001,374.03,1.4,0.346,NOAA GML,NOAA 2026
CO2_ppm,2001,373.4,1.4,0.346,NOAA GML,NOAA 2026
CO2_ppm,2001,371.68,1.4,0.346,NOAA GML,NOAA 2026
CO2_ppm,2001,369.78,1.4,0.346,NOAA GML,NOAA 2026
CO2_ppm,2001,368.34,1.4,0.346,NOAA GML,NOAA 2026
CO2_ppm,2001,368.61,1.4,0.346,NOAA GML,NOAA 2026
CO2_ppm,2001,369.94,1.4,0.346,NOAA GML,NOAA 2026
CO2_ppm,2001,371.42,1.4,0.346,NOAA GML,NOAA 2026
CO2_ppm,2002,372.7,1.4,0.346,NOAA GML,NOAA 2026
CO2_ppm,2002,373.37,1.4,0.346,NOAA GML,NOAA 2026
CO2_ppm,2002,374.3,1.4,0.346,NOAA GML,NOAA 2026
CO2_ppm,2002,375.19,1.4,0.346,NOAA GML,NOAA 2026
CO2_ppm,2002,375.93,1.4,0.346,NOAA GML,NOAA 2026
CO2_ppm,2002,375.69,1.4,0.346,NOAA GML,NOAA 2026
CO2_ppm,2002,374.16,1.4,0.346,NOAA GML,NOAA 2026
CO2_ppm,2002,372.03,1.4,0.346,NOAA GML,NOAA 2026
CO2_ppm,2002,370.92,1.4,0.346,NOAA GML,NOAA 2026
CO2_ppm,2002,370.73,1.4,0.346,NOAA GML,NOAA 2026
CO2_ppm,2002,372.43,1.4,0.346,NOAA GML,NOAA 2026
CO2_ppm,2002,373.98,1.4,0.346,NOAA GML,NOAA 2026
CO2_ppm,2003,375.07,1.4,0.346,NOAA GML,NOAA 2026
CO2_ppm,2003,375.82,1.4,0.346,NOAA GML,NOAA 2026
CO2_ppm,2003,376.64,1.4,0.346,NOAA GML,NOAA 2026
CO2_ppm,2003,377.92,1.4,0.346,NOAA GML,NOAA 2026
CO2_ppm,2003,378.78,1.4,0.346,NOAA GML,NOAA 2026
CO2_ppm,2003,378.46,1.4,0.346,NOAA GML,NOAA 2026
CO2_ppm,2003,376.88,1.4,0.346,NOAA GML,NOAA 2026
CO2_ppm,2003,374.57,1.4,0.346,NOAA GML,NOAA 2026
CO2_ppm,2003,373.34,1.4,0.346,NOAA GML,NOAA 2026
CO2_ppm,2003,373.31,1.4,0.346,NOAA GML,NOAA 2026
CO2_ppm,2003,374.84,1.4,0.346,NOAA GML,NOAA 2026
CO2_ppm,2003,376.17,1.4,0.346,NOAA GML,NOAA 2026
CO2_ppm,2004,377.17,1.4,0.346,NOAA GML,NOAA 2026
CO2_ppm,2004,378.05,1.4,0.346,NOAA GML,NOAA 2026
CO2_ppm,2004,379.06,1.4,0.346,NOAA GML,NOAA 2026
CO2_ppm,2004,380.54,1.4,0.346,NOAA GML,NOAA 2026
CO2_ppm,2004,380.8,1.4,0.346,NOAA GML,NOAA 2026
CO2_ppm,2004,379.87,1.4,0.346,NOAA GML,NOAA 2026
CO2_ppm,2004,377.65,1.4,0.346,NOAA GML,NOAA 2026
CO2_ppm,2004,376.17,1.4,0.346,NOAA GML,NOAA 2026
CO2_ppm,2004,374.43,1.4,0.346,NOAA GML,NOAA 2026
CO2_ppm,2004,374.63,1.4,0.346,NOAA GML,NOAA 2026
CO2_ppm,2004,376.33,1.4,0.346,NOAA GML,NOAA 2026
CO2_ppm,2004,377.68,1.4,0.346,NOAA GML,NOAA 2026
CO2_ppm,2005,378.63,1.4,0.346,NOAA GML,NOAA 2026
CO2_ppm,2005,379.91,1.4,0.346,NOAA GML,NOAA 2026
CO2_ppm,2005,380.95,1.4,0.346,NOAA GML,NOAA 2026
CO2_ppm,2005,382.48,1.4,0.346,NOAA GML,NOAA 2026
CO2_ppm,2005,382.64,1.4,0.346,NOAA GML,NOAA 2026
CO2_ppm,2005,382.4,1.4,0.346,NOAA GML,NOAA 2026
CO2_ppm,2005,380.93,1.4,0.346,NOAA GML,NOAA 2026
CO2_ppm,2005,378.93,1.4,0.346,NOAA GML,NOAA 2026
CO2_ppm,2005,376.89,1.4,0.346,NOAA GML,NOAA 2026
CO2_ppm,2005,377.19,1.4,0.346,NOAA GML,NOAA 2026
CO2_ppm,2005,378.54,1.4,0.346,NOAA GML,NOAA 2026
CO2_ppm,2005,380.31,1.4,0.346,NOAA GML,NOAA 2026
CO2_ppm,2006,381.58,1.4,0.346,NOAA GML,NOAA 2026
CO2_ppm,2006,382.4,1.4,0.346,NOAA GML,NOAA 2026
CO2_ppm,2006,382.86,1.4,0.346,NOAA GML,NOAA 2026
CO2_ppm,2006,384.8,1.4,0.346,NOAA GML,NOAA 2026
CO2_ppm,2006,385.22,1.4,0.346,NOAA GML,NOAA 2026
CO2_ppm,2006,384.24,1.4,0.346,NOAA GML,NOAA 2026
CO2_ppm,2006,382.65,1.4,0.346,NOAA GML,NOAA 2026
CO2_ppm,2006,380.6,1.4,0.346,NOAA GML,NOAA 2026
CO2_ppm,2006,379.04,1.4,0.346,NOAA GML,NOAA 2026
CO2_ppm,2006,379.33,1.4,0.346,NOAA GML,NOAA 2026
CO2_ppm,2006,380.35,1.4,0.346,NOAA GML,NOAA 2026
CO2_ppm,2006,382.02,1.4,0.346,NOAA GML,NOAA 2026
CO2_ppm,2007,383.1,1.4,0.346,NOAA GML,NOAA 2026
CO2_ppm,2007,384.12,1.4,0.346,NOAA GML,NOAA 2026
CO2_ppm,2007,384.81,1.4,0.346,NOAA GML,NOAA 2026
CO2_ppm,2007,386.73,1.4,0.346,NOAA GML,NOAA 2026
CO2_ppm,2007,386.78,1.4,0.346,NOAA GML,NOAA 2026
CO2_ppm,2007,386.33,1.4,0.346,NOAA GML,NOAA 2026
CO2_ppm,2007,384.73,1.4,0.346,NOAA GML,NOAA 2026
CO2_ppm,2007,382.24,1.4,0.346,NOAA GML,NOAA 2026
CO2_ppm,2007,381.2,1.4,0.346,NOAA GML,NOAA 2026
CO2_ppm,2007,381.37,1.4,0.346,NOAA GML,NOAA 2026
CO2_ppm,2007,382.7,1.4,0.346,NOAA GML,NOAA 2026
CO2_ppm,2007,384.19,1.4,0.346,NOAA GML,NOAA 2026
CO2_ppm,2008,385.78,1.4,0.346,NOAA GML,NOAA 2026
CO2_ppm,2008,386.06,1.4,0.346,NOAA GML,NOAA 2026
CO2_ppm,2008,386.28,1.4,0.346,NOAA GML,NOAA 2026
CO2_ppm,2008,387.33,1.4,0.346,NOAA GML,NOAA 2026
CO2_ppm,2008,388.78,1.4,0.346,NOAA GML,NOAA 2026
CO2_ppm,2008,387.99,1.4,0.346,NOAA GML,NOAA 2026
CO2_ppm,2008,386.62,1.4,0.346,NOAA GML,NOAA 2026
CO2_ppm,2008,384.32,1.4,0.346,NOAA GML,NOAA 2026
CO2_ppm,2008,383.41,1.4,0.346,NOAA GML,NOAA 2026
CO2_ppm,2008,383.22,1.4,0.346,NOAA GML,NOAA 2026
CO2_ppm,2008,384.41,1.4,0.346,NOAA GML,NOAA 2026
CO2_ppm,2008,385.79,1.4,0.346,NOAA GML,NOAA 2026
CO2_ppm,2009,387.17,1.4,0.346,NOAA GML,NOAA 2026
CO2_ppm,2009,387.7,1.4,0.346,NOAA GML,NOAA 2026
CO2_ppm,2009,389.04,1.4,0.346,NOAA GML,NOAA 2026
CO2_ppm,2009,389.76,1.4,0.346,NOAA GML,NOAA 2026
CO2_ppm,2009,390.36,1.4,0.346,NOAA GML,NOAA 2026
CO2_ppm,2009,389.7,1.4,0.346,NOAA GML,NOAA 2026
CO2_ppm,2009,388.24,1.4,0.346,NOAA GML,NOAA 2026
CO2_ppm,2009,386.29,1.4,0.346,NOAA GML,NOAA 2026
CO2_ppm,2009,384.95,1.4,0.346,NOAA GML,NOAA 2026
CO2_ppm,2009,384.64,1.4,0.346,NOAA GML,NOAA 2026
CO2_ppm,2009,386.23,1.4,0.346,NOAA GML,NOAA 2026
CO2_ppm,2009,387.63,1.4,0.346,NOAA GML,NOAA 2026
CO2_ppm,2010,388.91,1.4,0.346,NOAA GML,NOAA 2026
CO2_ppm,2010,390.41,1.4,0.346,NOAA GML,NOAA 2026
CO2_ppm,2010,391.37,1.4,0.346,NOAA GML,NOAA 2026
CO2_ppm,2010,392.67,1.4,0.346,NOAA GML,NOAA 2026
CO2_ppm,2010,393.21,1.4,0.346,NOAA GML,NOAA 2026
CO2_ppm,2010,392.38,1.4,0.346,NOAA GML,NOAA 2026
CO2_ppm,2010,390.41,1.4,0.346,NOAA GML,NOAA 2026
CO2_ppm,2010,388.54,1.4,0.346,NOAA GML,NOAA 2026
CO2_ppm,2010,387.03,1.4,0.346,NOAA GML,NOAA 2026
CO2_ppm,2010,387.43,1.4,0.346,NOAA GML,NOAA 2026
CO2_ppm,2010,388.87,1.4,0.346,NOAA GML,NOAA 2026
CO2_ppm,2010,389.99,1.4,0.346,NOAA GML,NOAA 2026
CO2_ppm,2011,391.5,1.4,0.346,NOAA GML,NOAA 2026
CO2_ppm,2011,392.05,1.4,0.346,NOAA GML,NOAA 2026
CO2_ppm,2011,392.8,1.4,0.346,NOAA GML,NOAA 2026
CO2_ppm,2011,393.44,1.4,0.346,NOAA GML,NOAA 2026
CO2_ppm,2011,394.41,1.4,0.346,NOAA GML,NOAA 2026
CO2_ppm,2011,393.95,1.4,0.346,NOAA GML,NOAA 2026
CO2_ppm,2011,392.72,1.4,0.346,NOAA GML,NOAA 2026
CO2_ppm,2011,390.33,1.4,0.346,NOAA GML,NOAA 2026
CO2_ppm,2011,389.28,1.4,0.346,NOAA GML,NOAA 2026
CO2_ppm,2011,389.19,1.4,0.346,NOAA GML,NOAA 2026
CO2_ppm,2011,390.48,1.4,0.346,NOAA GML,NOAA 2026
CO2_ppm,2011,392.06,1.4,0.346,NOAA GML,NOAA 2026
CO2_ppm,2012,393.31,1.4,0.346,NOAA GML,NOAA 2026
CO2_ppm,2012,394.04,1.4,0.346,NOAA GML,NOAA 2026
CO2_ppm,2012,394.59,1.4,0.346,NOAA GML,NOAA 2026
CO2_ppm,2012,396.38,1.4,0.346,NOAA GML,NOAA 2026
CO2_ppm,2012,396.93,1.4,0.346,NOAA GML,NOAA 2026
CO2_ppm,2012,395.91,1.4,0.346,NOAA GML,NOAA 2026
CO2_ppm,2012,394.56,1.4,0.346,NOAA GML,NOAA 2026
CO2_ppm,2012,392.59,1.4,0.346,NOAA GML,NOAA 2026
CO2_ppm,2012,391.32,1.4,0.346,NOAA GML,NOAA 2026
CO2_ppm,2012,391.27,1.4,0.346,NOAA GML,NOAA 2026
CO2_ppm,2012,393.2,1.4,0.346,NOAA GML,NOAA 2026
CO2_ppm,2012,394.57,1.4,0.346,NOAA GML,NOAA 2026
CO2_ppm,2013,395.78,1.4,0.346,NOAA GML,NOAA 2026
CO2_ppm,2013,397.03,1.4,0.346,NOAA GML,NOAA 2026
CO2_ppm,2013,397.66,1.4,0.346,NOAA GML,NOAA 2026
CO2_ppm,2013,398.64,1.4,0.346,NOAA GML,NOAA 2026
CO2_ppm,2013,400.02,1.4,0.346,NOAA GML,NOAA 2026
CO2_ppm,2013,398.81,1.4,0.346,NOAA GML,NOAA 2026
CO2_ppm,2013,397.51,1.4,0.346,NOAA GML,NOAA 2026
CO2_ppm,2013,395.39,1.4,0.346,NOAA GML,NOAA 2026
CO2_ppm,2013,393.72,1.4,0.346,NOAA GML,NOAA 2026
CO2_ppm,2013,393.9,1.4,0.346,NOAA GML,NOAA 2026
CO2_ppm,2013,395.36,1.4,0.346,NOAA GML,NOAA 2026
CO2_ppm,2013,397.03,1.4,0.346,NOAA GML,NOAA 2026
CO2_ppm,2014,398.04,1.4,0.346,NOAA GML,NOAA 2026
CO2_ppm,2014,398.27,1.4,0.346,NOAA GML,NOAA 2026
CO2_ppm,2014,399.91,1.4,0.346,NOAA GML,NOAA 2026
CO2_ppm,2014,401.51,1.4,0.346,NOAA GML,NOAA 2026
CO2_ppm,2014,401.96,1.4,0.346,NOAA GML,NOAA 2026
CO2_ppm,2014,401.43,1.4,0.346,NOAA GML,NOAA 2026
CO2_ppm,2014,399.27,1.4,0.346,NOAA GML,NOAA 2026
CO2_ppm,2014,397.18,1.4,0.346,NOAA GML,NOAA 2026
CO2_ppm,2014,395.54,1.4,0.346,NOAA GML,NOAA 2026
CO2_ppm,2014,396.16,1.4,0.346,NOAA GML,NOAA 2026
CO2_ppm,2014,397.4,1.4,0.346,NOAA GML,NOAA 2026
CO2_ppm,2014,399.08,1.4,0.346,NOAA GML,NOAA 2026
CO2_ppm,2015,400.18,1.4,0.346,NOAA GML,NOAA 2026
CO2_ppm,2015,400.55,1.4,0.346,NOAA GML,NOAA 2026
CO2_ppm,2015,401.74,1.4,0.346,NOAA GML,NOAA 2026
CO2_ppm,2015,403.35,1.4,0.346,NOAA GML,NOAA 2026
CO2_ppm,2015,404.15,1.4,0.346,NOAA GML,NOAA 2026
CO2_ppm,2015,402.97,1.4,0.346,NOAA GML,NOAA 2026
CO2_ppm,2015,401.46,1.4,0.346,NOAA GML,NOAA 2026
CO2_ppm,2015,399.11,1.4,0.346,NOAA GML,NOAA 2026
CO2_ppm,2015,397.82,1.4,0.346,NOAA GML,NOAA 2026
CO2_ppm,2015,398.49,1.4,0.346,NOAA GML,NOAA 2026
CO2_ppm,2015,400.27,1.4,0.346,NOAA GML,NOAA 2026
CO2_ppm,2015,402.06,1.4,0.346,NOAA GML,NOAA 2026
CO2_ppm,2016,402.73,1.4,0.346,NOAA GML,NOAA 2026
CO2_ppm,2016,404.25,1.4,0.346,NOAA GML,NOAA 2026
CO2_ppm,2016,405.06,1.4,0.346,NOAA GML,NOAA 2026
CO2_ppm,2016,407.6,1.4,0.346,NOAA GML,NOAA 2026
CO2_ppm,2016,407.9,1.4,0.346,NOAA GML,NOAA 2026
CO2_ppm,2016,406.99,1.4,0.346,NOAA GML,NOAA 2026
CO2_ppm,2016,404.59,1.4,0.346,NOAA GML,NOAA 2026
CO2_ppm,2016,402.45,1.4,0.346,NOAA GML,NOAA 2026
CO2_ppm,2016,401.23,1.4,0.346,NOAA GML,NOAA 2026
CO2_ppm,2016,401.79,1.4,0.346,NOAA GML,NOAA 2026
CO2_ppm,2016,403.72,1.4,0.346,NOAA GML,NOAA 2026
CO2_ppm,2016,404.64,1.4,0.346,NOAA GML,NOAA 2026
CO2_ppm,2017,406.36,1.4,0.346,NOAA GML,NOAA 2026
CO2_ppm,2017,406.66,1.4,0.346,NOAA GML,NOAA 2026
CO2_ppm,2017,407.54,1.4,0.346,NOAA GML,NOAA 2026
CO2_ppm,2017,409.22,1.4,0.346,NOAA GML,NOAA 2026
CO2_ppm,2017,409.89,1.4,0.346,NOAA GML,NOAA 2026
CO2_ppm,2017,409.08,1.4,0.346,NOAA GML,NOAA 2026
CO2_ppm,2017,407.33,1.4,0.346,NOAA GML,NOAA 2026
CO2_ppm,2017,405.32,1.4,0.346,NOAA GML,NOAA 2026
CO2_ppm,2017,403.57,1.4,0.346,NOAA GML,NOAA 2026
CO2_ppm,2017,403.82,1.4,0.346,NOAA GML,NOAA 2026
CO2_ppm,2017,405.31,1.4,0.346,NOAA GML,NOAA 2026
CO2_ppm,2017,407.0,1.4,0.346,NOAA GML,NOAA 2026
CO2_ppm,2018,408.15,1.4,0.346,NOAA GML,NOAA 2026
CO2_ppm,2018,408.52,1.4,0.346,NOAA GML,NOAA 2026
CO2_ppm,2018,409.59,1.4,0.346,NOAA GML,NOAA 2026
CO2_ppm,2018,410.45,1.4,0.346,NOAA GML,NOAA 2026
CO2_ppm,2018,411.44,1.4,0.346,NOAA GML,NOAA 2026
CO2_ppm,2018,410.99,1.4,0.346,NOAA GML,NOAA 2026
CO2_ppm,2018,408.9,1.4,0.346,NOAA GML,NOAA 2026
CO2_ppm,2018,407.16,1.4,0.346,NOAA GML,NOAA 2026
CO2_ppm,2018,405.71,1.4,0.346,NOAA GML,NOAA 2026
CO2_ppm,2018,406.19,1.4,0.346,NOAA GML,NOAA 2026
CO2_ppm,2018,408.21,1.4,0.346,NOAA GML,NOAA 2026
CO2_ppm,2018,409.27,1.4,0.346,NOAA GML,NOAA 2026
CO2_ppm,2019,411.03,1.4,0.346,NOAA GML,NOAA 2026
CO2_ppm,2019,411.96,1.4,0.346,NOAA GML,NOAA 2026
CO2_ppm,2019,412.18,1.4,0.346,NOAA GML,NOAA 2026
CO2_ppm,2019,413.54,1.4,0.346,NOAA GML,NOAA 2026
CO2_ppm,2019,414.86,1.4,0.346,NOAA GML,NOAA 2026
CO2_ppm,2019,414.15,1.4,0.346,NOAA GML,NOAA 2026
CO2_ppm,2019,411.96,1.4,0.346,NOAA GML,NOAA 2026
CO2_ppm,2019,410.17,1.4,0.346,NOAA GML,NOAA 2026
CO2_ppm,2019,408.76,1.4,0.346,NOAA GML,NOAA 2026
CO2_ppm,2019,408.74,1.4,0.346,NOAA GML,NOAA 2026
CO2_ppm,2019,410.47,1.4,0.346,NOAA GML,NOAA 2026
CO2_ppm,2019,411.97,1.4,0.346,NOAA GML,NOAA 2026
CO2_ppm,2020,413.59,1.4,0.346,NOAA GML,NOAA 2026
CO2_ppm,2020,414.32,1.4,0.346,NOAA GML,NOAA 2026
CO2_ppm,2020,414.72,1.4,0.346,NOAA GML,NOAA 2026
CO2_ppm,2020,416.42,1.4,0.346,NOAA GML,NOAA 2026
CO2_ppm,2020,417.28,1.4,0.346,NOAA GML,NOAA 2026
CO2_ppm,2020,416.58,1.4,0.346,NOAA GML,NOAA 2026
CO2_ppm,2020,414.58,1.4,0.346,NOAA GML,NOAA 2026
CO2_ppm,2020,412.75,1.4,0.346,NOAA GML,NOAA 2026
CO2_ppm,2020,411.5,1.4,0.346,NOAA GML,NOAA 2026
CO2_ppm,2020,411.49,1.4,0.346,NOAA GML,NOAA 2026
CO2_ppm,2020,413.1,1.4,0.346,NOAA GML,NOAA 2026
CO2_ppm,2020,414.23,1.4,0.346,NOAA GML,NOAA 2026
CO2_ppm,2021,415.49,1.4,0.346,NOAA GML,NOAA 2026
CO2_ppm,2021,416.72,1.4,0.346,NOAA GML,NOAA 2026
CO2_ppm,2021,417.61,1.4,0.346,NOAA GML,NOAA 2026
CO2_ppm,2021,419.01,1.4,0.346,NOAA GML,NOAA 2026
CO2_ppm,2021,419.09,1.4,0.346,NOAA GML,NOAA 2026
CO2_ppm,2021,418.93,1.4,0.346,NOAA GML,NOAA 2026
CO2_ppm,2021,416.9,1.4,0.346,NOAA GML,NOAA 2026
CO2_ppm,2021,414.42,1.4,0.346,NOAA GML,NOAA 2026
CO2_ppm,2021,413.26,1.4,0.346,NOAA GML,NOAA 2026
CO2_ppm,2021,413.9,1.4,0.346,NOAA GML,NOAA 2026
CO2_ppm,2021,414.97,1.4,0.346,NOAA GML,NOAA 2026
CO2_ppm,2021,416.67,1.4,0.346,NOAA GML,NOAA 2026
CO2_ppm,2022,418.13,1.4,0.346,NOAA GML,NOAA 2026
CO2_ppm,2022,419.24,1.4,0.346,NOAA GML,NOAA 2026
CO2_ppm,2022,418.76,1.4,0.346,NOAA GML,NOAA 2026
CO2_ppm,2022,420.19,1.4,0.346,NOAA GML,NOAA 2026
CO2_ppm,2022,420.97,1.4,0.346,NOAA GML,NOAA 2026
CO2_ppm,2022,420.94,1.4,0.346,NOAA GML,NOAA 2026
CO2_ppm,2022,418.85,1.4,0.346,NOAA GML,NOAA 2026
CO2_ppm,2022,417.15,1.4,0.346,NOAA GML,NOAA 2026
CO2_ppm,2022,415.91,1.4,0.346,NOAA GML,NOAA 2026
CO2_ppm,2022,415.74,1.4,0.346,NOAA GML,NOAA 2026
CO2_ppm,2022,417.47,1.4,0.346,NOAA GML,NOAA 2026
CO2_ppm,2022,418.99,1.4,0.346,NOAA GML,NOAA 2026
CO2_ppm,2023,419.47,1.4,0.346,NOAA GML,NOAA 2026
CO2_ppm,2023,420.31,1.4,0.346,NOAA GML,NOAA 2026
CO2_ppm,2023,420.99,1.4,0.346,NOAA GML,NOAA 2026
CO2_ppm,2023,423.31,1.4,0.346,NOAA GML,NOAA 2026
CO2_ppm,2023,424.0,1.4,0.346,NOAA GML,NOAA 2026
CO2_ppm,2023,423.68,1.4,0.346,NOAA GML,NOAA 2026
CO2_ppm,2023,421.83,1.4,0.346,NOAA GML,NOAA 2026
CO2_ppm,2023,419.68,1.4,0.346,NOAA GML,NOAA 2026
CO2_ppm,2023,418.5,1.4,0.346,NOAA GML,NOAA 2026
CO2_ppm,2023,418.82,1.4,0.346,NOAA GML,NOAA 2026
CO2_ppm,2023,420.46,1.4,0.346,NOAA GML,NOAA 2026
CO2_ppm,2023,421.86,1.4,0.346,NOAA GML,NOAA 2026
CO2_ppm,2024,422.8,1.4,0.346,NOAA GML,NOAA 2026
CO2_ppm,2024,424.55,1.4,0.346,NOAA GML,NOAA 2026
CO2_ppm,2024,425.38,1.4,0.346,NOAA GML,NOAA 2026
CO2_ppm,2024,426.51,1.4,0.346,NOAA GML,NOAA 2026
CO2_ppm,2024,426.9,1.4,0.346,NOAA GML,NOAA 2026
CO2_ppm,2024,426.91,1.4,0.346,NOAA GML,NOAA 2026
CO2_ppm,2024,425.55,1.4,0.346,NOAA GML,NOAA 2026
CO2_ppm,2024,422.99,1.4,0.346,NOAA GML,NOAA 2026
CO2_ppm,2024,422.03,1.4,0.346,NOAA GML,NOAA 2026
CO2_ppm,2024,422.38,1.4,0.346,NOAA GML,NOAA 2026
CO2_ppm,2024,423.85,1.4,0.346,NOAA GML,NOAA 2026
CO2_ppm,2024,425.4,1.4,0.346,NOAA GML,NOAA 2026
CO2_ppm,2025,426.65,1.4,0.346,NOAA GML,NOAA 2026
CO2_ppm,2025,427.09,1.4,0.346,NOAA GML,NOAA 2026
CO2_ppm,2025,428.15,1.4,0.346,NOAA GML,NOAA 2026
CO2_ppm,2025,429.64,1.4,0.346,NOAA GML,NOAA 2026
CO2_ppm,2025,430.51,1.4,0.346,NOAA GML,NOAA 2026
CO2_ppm,2025,429.61,1.4,0.346,NOAA GML,NOAA 2026
CO2_ppm,2025,427.87,1.4,0.346,NOAA GML,NOAA 2026
CO2_ppm,2025,425.48,1.4,0.346,NOAA GML,NOAA 2026
CO2_ppm,2025,424.37,1.4,0.346,NOAA GML,NOAA 2026
CO2_ppm,2025,424.87,1.4,0.346,NOAA GML,NOAA 2026
CO2_ppm,2025,426.46,1.4,0.346,NOAA GML,NOAA 2026
CO2_ppm,2025,427.49,1.4,0.346,NOAA GML,NOAA 2026
CO2_ppm,2026,428.62,1.4,0.346,NOAA GML,NOAA 2026
CO2_ppm,2026,429.35,1.4,0.346,NOAA GML,NOAA 2026
CO2_ppm,2026,430.15,1.4,0.346,NOAA GML,NOAA 2026
CO2_ppm,2026,431.12,1.4,0.346,NOAA GML,NOAA 2026
